SKU,Location
GY9265,B68
BY9262,A20
HP7580,A11
H03627,B64
GZ3495,B43
GW2216,A23
HQ8848,B64
HQ7081,A28
GV9585,A03
HQ7080,B20
GY6416,B39
GW2217,A31
GZ2556,C27
HQ4322,C20
GV8826,B44
GW9031,A35
GW9033,B10
GY1122,A35
HP2730,C07
GV8704,A12
A5KHRBA51,B65
A5KHRY281,B65
CZ9164 100,C23
ID2350,C28
CZ0790,C19
151186 057,C28
FD6923 100,B27
DX4981 006,C06
DH1063 001,B20
DJ4701 100,C27
FN6830 001,B39
AR3566 002,B08
IE7564,C12
DV1305 001,B31
DC0774 061,B19
DZ4549 110,A26 & A27
DX1156 101,A09 & A13
CW1590 100,C17
FN4234 600,C11
850000 057,C11
DJ3005 160,C03
153265 057,B40
M1906FC,B58
M2002RVI,B03
M1906FA,B56
40472700,A31
47156400,B60
41671100,C28
47271800,B35
41738600,B39
41292500,B35
41366600,B68
41737900,B26
47270100,C15
41671000,B46
UXC72RF,A31
UXC72VA,C20
DR6954 100,C19
DO8733 601,C15
DJ2778 106,C23
DV3605 600,C23
DM0966 102,C32
FD2370 110,B08
DV7027 108,C04
FZ5594,B50
GV6672,B50
FJ5755 100,B50
N000EYEBPJ,A31
DC9391 400,A19
HP9781,C24
GX9776,C23
GX9777,C15
GV8744,C03
FZ6192,C07
GY3772,B27
HP3019,B35
GW6912,B71
HP9656,B71
HQ5873,B63
GX4420,C04
GY0247,B11
HR0062,B59
HR0060,B48
GY4172,B52
HQ0965,A31
GW1634,C08 & C19
GV6674,B36
H67954,B43
HP6523,C16
GZ4804,B50
NM440HWN,B50
27989001,B50
HQ5874,A14
GY8091,B20
GV8829,A14
FZ6193,C10
HQ4507,A22
GW0490,B64
HR0594,A10
GY0295,A32 & A26
DZ5186 001,A12
162975C,A12
GX6640,B06
GY7486,C04
GX4518,A12
GY1597,C27
GY8342,B13
IE7224,B72
GX4634,C04
FW2711,C27
GY9135,C31
B75806,B03
GX6642,B71
GY4173,C21
FN6622 201,B26
FN4233 600,C03
DZ4131 600,C07
FB2372 100,C08
CW2288 111,B03
BQ7669 161,B08
FB2216 200,B59
CT8013 057,B72
DV1305 308,C26
H67953,B20
GY4171,B38
FJ4923 008,A35
FB2213 200,A29
DV1307 014,B30
GV9591,B38
GX4081,B38
DV6998 200,A04
CT2302 002,A04
CJ3906 012,A04
FX7100,B02
DQ6040 106,A04
GX8965,C21
41292600,B15
ID2056,C23
472701,A03
M2002RVF,C18
M1906RCF,C22
M1906RCE,B44
FB0568 006,A02
U9060VNG,A04
M1906RCG,C27
GY0245,C03
M990BK6,C14
0A5ZQ3 626,A18
DZ4549 001,A18
FJ4452 432,A28
DH8015 002,A18
DQ8800 001,A18
FB8938 001,C23
DV0815 100,B35
FD0758 386,B35
DV7128 110,B26
DD8959 100,C15
HP9736,A31 & A32
CT8529 004,B07
DH8010 101,C14
DD1391 100,A22
919712 001,B12
305360 062,C15
DH8010 002,A19
ID0780,B07
DZ4407 600,C11
DQ8562 001,A28 & B51
921522 111,B70
DZ3307 003,B10
FQ4123 105,A36
DX0137 002,B47
DV3605 004,C11
DV3606 004,B08
305368 062,B67
CN8490 100,B10
305369 062,B15
FJ5479 410,C18
FD9081 001,B40
DM0011 007,A38
DZ3522 001,C04
U990NV4,A16
M990NV6,A23
FZ5881,A05
DQ8425 060,A02
DV1304 106,A06
DQ8424 060,A06
H06448,C22
1002871016,B44
1855131052,C18
1003812280,C18
1002871238,C12
1869741010,B15
1876141224,B08
1855081011,B18
1003812011,B71
GW4249,B03
DX3951 100,C19
ID1736,C19
GW9032,B43
GX1520,C07
IF5619,B08
H04905,A23
HQ3782,C03 & C04
GY4363,A35
GX1519,A19
TB012907 001,B65
TB0A5W6N,C60
TB012909 713,B57
TB0A5YKD 231,B67
UBLCK99PHA,A36
HR7132,A36
GT6841,A36
OA5KHRO841,A36
DN3253 061,B43
IE2074,B51
ID9673,C07
IE7199,B31
IE7140,A04
IE7171,C15
IE2075,B68
IE7192,A07
IE7188,A11
B0A2E2P001,C08
B0A5W79C60,B15
GW0507,A16
0552341,A16
FD0652 001,A16
DX2746 400,A16
1869741224,B16
1869741256,A35
M2002RSF,A20
DC6083 200,A20
DV2219 300,A20
IG0671,A25
TB010073 001,C25
417379,C26
TB010061 713,C17
TB0A5VB5,C60
FJ0698 100,C02
DV0426 012,C02
FD7039 600,B66
TB0A18B4 715,B58
DV0426 200,A34
TB0A5YMN 015,B65
DX4332 800,B02
DV7223 800,B02
TB0A62BH 033,A12
DV1305 104,B35
DV7012 100,B10
DV0427 102,B70
FB5060 100,C07
FJ1954 200,B36
DX4334 008,B16
DV7184 001,B14
DH7004 400,B14
DR0146 001,A29
DZ4129 102,C22
DO2496 700,C07
DH2920 111,A30
DQ8426 615,C04
DM9652 102,C26
DV0438 001,B63
DV1307 060,B67
GX6449,C11
DO5047 407,C11
DN3738 400,C12
DR0502 600,C16
DZ5369 102,C27
DQ8423 400,C28
DZ4130 201,B71
DC0774 160,C07
555088 202,C32
553560 066,A39
884129 400,A03
FD0801 100,A32
DR8867 400,C27
440888 047,B31
DR0501 200,A11
DX2462 100,A04
FN3722 701,B24
DV0427 100,C06
TB0A2E31 231,B62
DZ4466 102,A27
DQ6040 160,B31
DM9132 001,B18
DN3253 200,B42
FD0300 600,B40
DZ5485 052,B18
FD1437 052,B18
DR8868 400,B32
FN6840 657,B18
DQ8562 100,B18
DQ7570 001,B19
DQ8426 400,B19
CU9307 160,B36
DV1307 408,B07
FB9142 120,B54
DM9652 120,C23
FD7039 100,B23
FJ5471 121,B39
DH7004 600,B43
AWHIT91JST,X38
UPURP01PHA,X38
1876141011,A39
TB0A18A6,D47
TB0A17KY 001,A37
TB0A18AH,D47
TB0A18QV 231,B49
TB0A17KC 001,B49
FB2048 800,B26
DV0829 300,B26
M1906FD,B26
1855131010,B26
1003812051,B26
ID3512,B72
ID9175,B28
DV7186 700,B46
FD9082 101,B39
FJ0667 500,B69
DM8465 100,B14
FD8631 100,B14
CZ0790 161,B14
IG1456,A15
0660461,C03
DV7186 300,A04
553558 066,A11
FB4420 616,C18
CZ0858 001,B71
0860131,B59
0159711,B07
0660471,A07
0059831,C03
AH7860 101,C03
DO9406 200,C03
AH7860 107,C15
CK9246 136,C07
FD9222 180,C23
0059461,C23
CZ0790 001,B39
DV9956 104,B15
DQ8426 106,B61
DV3529 061,B12
DM0524 100,B38
DQ7687 001,B32
FN3722 801,B07
553558 174,B03
CZ0858 106,A04
DX4981 002,A04
FB4417 016,B39
BQ6472 061,A03
DM0115 002,B35
BQ6472 060,B47
DO6684 700,A20
DZ5485 042,A20
FD1437 105,C03
DQ5499 100,C02
FD4810 061,C02
FD9082 100,C11
440888 141,C08
DM9652 001,C04
553558 093,B71
FD9220 180,A24
DV0478 001,A36
384665 600,B43
DX4374 008,C20
FD1437 042,C23
CU9307 004,B56
553558 065,C23
555088 702,B27
1855081224,C02
HP2480,C31
414571 171,C10
FQ8825 100,C10
DM0966 080,B50
FQ8360 100,C15
DM0967 080,C15
FB7582 001,B51
DQ8564 101,C24
FB9927 200,C24
CK9246 001,C28
FB8892 200,C18
852542 007,C16
DM0968 080,C18
DQ8562 101,B58
FN5190 001,B56
FN5454 400,B56
FB9929 200,C03
DR8884 101,B42
DD8959 115,B42
DQ8424 106,B46
FN5453 400,B11
DQ8563 101,A12
FQ8823 236,B03
FB8896 300,B08
FD7039 200,B08
FD1413 042,B60
FD1412 042,C15
DZ3356 100,B59
GW6777,C27
DJ2636 204,C28
N000W3CDUM,C31
N000TSVBXH,C27
ID1531,B67
DR9865 400,A07
DX4981 100,B72
DM8315 400,C04
M990GL6,C18
DC8751 002,C16
DV1137 100,C16
153265 015,C23
DV5581 001,A28
DN1791 104,C24
DZ3356 500,B40
FB9909 001,C30
CN8490 101,A38
DV2218 001,B55
GY2336,C26
GX5460,B67
GV8920,B44
4727180028,B35
4129250029,B35
DX1791 400,B35
DV2117 700,B35
M990NV5,B52
M990BK5,B30
HQ5903,A03
FZ5877,B52
GX5459,C08
IG2262,C16
FY0379,C22
IF0301,C07
GZ2203,C02
FZ6301,A30
CZ0790 101,C19
FB5059 100,B34
FJ4605 441,B23
DV0806 101,A08
DZ5187 001,A07
GX6603,B72
GV8714,B10
FZ5904,B02
HQ7116,B24
IE9342,C25
FN7143 001,C16
CZ8065 100,C16
DZ2628 100,C16
378038 170,C20
FD5855 001,C20
FB9892 200,C20
DM0029 102,C15
DM0968 140,C08
FJ6869 006,C14
DB2889 003,C24
943345 050,B39
DZ4852 001,C26
DD9625 101,B27
CV9645 600,B27
DM0029 104,C24
DM0967 140,B08
378040 170,C23
FQ8732 010,A31
DC1411 001,A35
IG5887,B32
ID2237,C31
HQ3527,C03
ID2077,C15
DQ9011 100,B10
ID2529,B07
1151616,B71
GZ9435,C31
IE9248,B03
1134991,B72
IG5878,B58
IF5617,C28
IG5464,B58
ID1746,B27
IF8914,C28
IG5892,A07
N0009QKB9M,B71
N0007NK6BT,B59
N000EWZNVY,A28
BB650RBR,B01
IF5383,B16
GY4109,B64
U9060VNB,C10
DH4621 600,B15
IG0793,C20
N0A5JMNDOL,C03
N0007NKFW6,C04
D5IB8C,B43
EYEBWW,C27
EE3BKA,C31
EE3NVY,C27
CP5TAN,C11
7NKBKA,C15
IE7447,C28
HQ4333,C18
DX4981 103,C28
BB550WTN,C18
FZ6334,B11
EE3RED,C28
D3HBKA,C28
D3HY28,B47
DZ4865 503,B68
TS9BJ4,C19
EYEWOO,C28
D5INVY,C28
D5IWOO,C28
EYE276,C20
EE3WOO,C20
N0A5I111OJ,C20
EYENVY,C20
EYECHR,C20
D3HWOO,C20
0A5I111BIQ,C20
HP3309,C16
EE3WHT,C16
9QRGRY,C16
EE3BLK,C31
D3HNVY,C16
EYEBLK,C03
EWZBLK,B08
EWZWOO,A04
QFKBKA,C27
DV6993 200,A23
U9060BLK,A07
U997RHC,A08
U9060GRY,B71
MR530EC,B56
MR530EA,B59
BB550DOB,A23
M2002RST,A23
U9060ECA,B72
CD7069 107,C23
ID5935,B68
U997RHA,A31
ID5879,B67
ID5878,B72
FJ1910 300,B08
IG6201,B43
GX9157,A27
GY8923,C07
BB550NQB,A27
DZ5485 701,A07
DV0831 107,B07
553560 132,C24
IG6200,B55
BB550VGA,A35
DV0831 108,C27
IF1911,B39
DZ4475 107,B15
IG1357,C19
IF0534,A32
DD8557 100,B20
DJ6000 001,A07
DV3888 200,B55
FN7200 224,C11
FJ4146 102,C10
DX0755 500,C27
FD9082 103,B42
FD9082 107,C18
AV3918 100,B12
342964 107,A12
DQ8423 701,B72
553560 072,B11
DQ8562 102,A07
IF0521,B19
IF0530,B44
IG6199,B24
U990BL4,A06
IG1320,A07
ID0268,A32
U990GR4,B26
MS327FE,B14
IG9304,A22
IE2695,C31
U9060NV,B63
U9060PH,B64
U9060ECC,B51
U9060NRI,A36
U9060VNA,C20
M2002REL,B02
GW1905,B46
FZ5830,B58
GY7479,B58
GX7315,B46
GY2338,B46
BB550YKF,B62
BB550YKE,B46
GX6288,B46
IG3904,A11
FV5723,B36
DO9829 500,A38
A5HZYA04,C20
U9060GM,A34
HQ0997,C19
IG2133,C27
M2002RPB,B34
IE6526,C15
IG2132,C31
B550VGB,A38
D09829 500,A37
ML725UA,C28
GZ9520,A10
412926,A32
472023,B38
413834,A06
412925,C06
413851,B34
472718,A14
417386,B71
FW2779,C12
0560771,B39
0660473,B56
1009542,B70
0560773,B24
IE6861,C29
1015572,C11
1022350,C12
0660463,A03
1018463,C11
TB0A18RI,B62
CBUSCAR97,X00
GY6140,B28
FQ8744 410,C11
FB9934 300,C11
FZ5758 004,C03
CT8532 080,C07
DR8884 100,C07
153265 116,C07
FJ1258 001,C19
CZ0326 100,C04
DM2845 100,C08
DV0788 101,B40
FD1643 300,C22
DQ8425 006,C04
DV0788 001,B72
FZ4358 100,C16
FV5029 006,C31
FN1351 400,B68
FN1352 400,B68
DJ3003 170,B47
FQ6965 700,B28
DQ8564 102,B67
FD9082 002,C31
BQ7670 006,B64
DH5360 300,B11
AH8050 107,A03
DQ8426 701,A23
BV1358 003,B28
FZ4618 001,B27
DQ8424 701,B58
DQ8425 701,B58
FB1447 100,A34
M2002RPA,C17
0068011,B72
FN4438 400,C22
FD1413 010,C20
FZ4359 200,C03
DZ5485 010,C11
FJ4146 103,B24
DB2889 102,C24
DV9956 100,C10
FJ4146 101,C14
FN1190 100,B72
A5ZNU 231,A22
DZ0482 001,B18
0A2E31 231,B65
IF8763,A12
ID2055,A24
ID0153,A11
IG5932,C06
IE4707,B36
IF0642,A39
H03474,A28
H03471,A27
GZ9519,B52
FZ5706,B31
IG1376,C18
A97PPPOFWH,X31
IE2693,B65
D5IBKA,B27
GY6935,B44
FZ6253,B44
CW7645 100,A34
DV3050 300,A34
HQ8707,A34
FY7690,C29
GZ9793,C11
HQ8708,C18
HQ3781,C18
IG1643,C16
IG6192,C03
IG6213,C03
IG6191,C11
HQ5883,C10
IF3817,C12
IG1640,C06
IG5006,B11
IG6194,B72
IG1636,C23
IE2165,B68
CT2303 100,A38
ID8729,B02
IG6212,B64
GY6465,B10
IG5790,B23
IG1634,C08
FZ6191,A29
GY6757,B42
HQ5879,B46
HQ5877,B42
CQ2405,B26
HQ5876,A31
IG5005,A10
HP9106,B67
GX2207,B44
GY2532,A14
HQ5867,A31
015945 713,B14
1016223,B15
010061 713,C17
010073 001,C25
TB044992 214,B32
TB0A18RI 231,B36
TB016937 242,A23
TB044990 001,A06
DZ4709 001,A07
TB015906 001,A07
TB044993 231,A30
IE9303,B22
IG1379,A35
IF9823,B72
IG1380,C04
IG6177,C12
FZ5895,B07
IH3150,C23
IE2705,B51
IE8325,B40
IG4987,C06
IE2696,B42
DC8894 001,B07
IG3737,C25 & C27
2070821010,C11
2030321011,B39
2069711010,B48
IE9257,B54
GW4332,C18
ID5886,B52
BB550VGB,A38
DV3528 061,B08
DC6083 500,B08
GZ3009,B03
BQ6472 700,B43
GX6251,B43
A38G1PXP,B08
M990GL5,A36
M2002RFB,B39
IE2698,B66
BB550ESB,B65
M2002RFC,B58
IG6176,B20
U9060ESD,A27
BB550ESC,C21
DA8016 100,C19
DH3050 100,B39
FV0143 101,B39
FD0884 025,B39
FQ8992 101,C11
FB9933 141,C21 & C17
AR3565 004,B68
FV5951 111,C29
CT8532 031,B25
TB015945 713,B14
DV1307 120,B13
FB9660 200,B69
DZ4408 100,B66
FJ4241 001,A38
DV5141 401,A38
DM0968 031,A19
FV4571 200,C11
342964 042,C25
342964 140,A13 & A09
342964 070,B14
FD4290 003,B14
FJ2260 003,A10
DD2858 300,B05
FW2582,B36
440888 308,A35
IF7151,C16
BB550MCC,B64
IF1953,B66
IF1952,B69
IF3652,B70
IH8158,B12
IH8157,C16
FZ5897,C28
FJ1044 800,B30
IF0641,B07
IE3437,A22
DM3004 200,C21
ID0805,B30
DO8244 003,C07
A4U3B18L,C07
CJ1288 001,C07
FQ9174 121,C07
FN6958 101,B38
CT8529 170,B38
DD0587 308,B38
414571 170,C27
FV5029 141,C27
DZ4549 101,C27
FQ1314 151,A31
BQ7669 141,A31
DR9748 131,B63
FQ1312 151,C02
FQ1313 151,B62
BB550VGC,A27
ZDF1WX,C12
D5IW00,C16
919712 102,B47
DZ4475 101,B43
CT8013 162,B44
DD1390 100,B44
FV5104 004,C19
151186 162,B44
AO6068 004,B31
FD5855 002,B24
FQ1930 001,B44
FQ1315 018,A27
FQ1316 018,A27
DV3605 112,B48
IG1024,B68
IF7087,B56
IE9169,B42
IH8160,C07
IE3416,B38
DQ5014 100,A23
GY6942,C19
FJ1044 700,B66
HQ7035,B15
GY6910,A36
GZ0683,B20
HP9708,B20
IF4282,B71
BB550WTO,C32
645107 160,C03
FV5957 100,C19
CW2288 001,B11
IF9734,C07
DJ5982 601,B70
FQ2947 100,B32
HQ2059,B10
IE6520,B54
0151181,C23
0452761,C27
0129423,C27
043751,C07
1016110,B07
0053881,B56
1019313,C12
0943811,B03
0951311,C04
0043691,C23
0845251,C15
0745531,C03
0043851,C24
0552321,C08
0752661,C07
0129421,C23
JI0866,B51
IG4450,C28
JI0865,C03
IH4776,C20
IH0280,B51
IG4446,B44
IH0355,B59
IH2663,C30
IE6531,C28
IG1025,A19
N000D3HW00,C11
N000D3HBKA,B63
DZ5648 101,C14
DZ5317 121,B19
53881,B56
68071,C31
15791,B71
34871,B72
51791,B27
1011432,C20
151181,B47
552681,A32
951321,C16
1009526,C32
53901,C28
43661,C03
53011,B23
660461,A07
52531,B39
1015930,B19
1020566,B64
151211,A15
951301,A35
743831,B11
51461,A31
51701,A27
51061,A19
551251,A28
552111,B55
1001128,B24
352201,A23
1017402,C20
474655,A36
417380,A16
474653,A07
452761,C27
129423,C27
474654,B39
59461,C23
129421,C23
GX6639,B54
HQ4324,C32
FD1412 071,B70
DZ5485 071,A31
342964 131,C27
384665 112,B15
FD1437 071,B43
342964 010,A30
DV0833 108,A39
FB9149 701,B71
FZ4033 657,B63
FQ8077 104,B11
DD1399 105,C21
DV3606 164,C27
DV3605 164,C19
FD1413 071,A36
HK7410,A40
1017723,B68
660471,B67
IE7449,C24
D3HW00,C11
W3CDUM,C19
5UFBQL,B63
TNLW00,B11
A4BVTRS,C07
5U9BLL,B64
7NTBM8,B11
A7Q5MW00,B67
JMPF3X,B11
A5JMKBMA,B63
TNL91Q,C32
Q621XM,C23
A7Q5NF3X,B68
A5JMHBA2,B64
5UFMCG,B35
A7Q5MBLU,B07
U3B18L,C07
7NP1NU,A35
IG6668,B63
H03473,B28
HQ6776,B47
DZ5367 219,C02
FV5104 104,B40
DM0967 106,A19
FV5120 104,A07
DM0968 106,A24
IG1986,A35
A7TNLW00,B11
1869751242,C12
1869751286,B08
1869751256,B39
1002871281,B52
GX4585,B59
FD1412 401,A07
FV5365 400,B26
FD1437 401,A27
DZ5485 401,B19
IF9647,C07
IG9271,B55
IF9462,B59
FQ7940 200,B67
IG2088,B26
IF9646,C23
IE3237,B15
IE3626,A35
IH4881,C24
IE9122,B67
IE9111,B68
IG6588,B10
ID1454,A39
IE9163,B03
IG6669,B20
ID3922,B63
IG9270,A31
IF9645,B48
ID9066,A30
ID9068,B42
IE6530,A03
0A5ZNU2311,A32
IE9123,A07
IH2632,B43
IG6589,B61
ID9067,B03
ID2534,C14
DM9132 100,C06
399606 101,C29
ID9065,B69
JI4210,B34
ID1418,B39
GZ3936,C23
DX1165 100,C26
FY0402,B34
GY2339,B50
GX9406,B50
DX0054 805,A14
BQ4422 161,A14 & B50
472704,C08
472706,C11
IE9164,A10
B75807,C07
IG1963,B03
DO5047 411,B50
ID1450,C24
IE9099,C04
IG4215,C28
JI3931,B30
JI3932,B22
IG2160,C23
ID1417,C14
IE6124,B40
IE9182,B34
ID1479,B64
ID1453,B55
IG1987,C18
JI0473,B28
IH5384,B42
IH5382,B46
IE9179,A28
IE3627,A28
IG1965,B67
GY6056,B10
IE9181,A36
JH7141,B36
ID1480,C11
FD1413 401,B32
DQ8424 071,A35
HF0414 074,A12
HF0413 074,A31
IF9735,B18
ID1447,C02
IF1978,B18
IF1985,C04
DM7901 500,C22
DZ4730 200,B72
IH5483,C16
IH5482,C03
ID7056,C19
IF4540,A08
0A5W6N,C60
HP9189,B72
DV3887 400,B71
DZ4392 001,B11
JI1370,C02
DV0991 101,B51
FQ1284 001,B51
FQ1759 600,B60
FQ1284 170,B32
487471 160,B51
FD5304 010,B43
DM1685 006,B39
JI0308,A11
IE6551,A08
IH0299,C08
IF4306,C11
II0013,A27
IG6670,A23
JH8074,C18
IH9993,C08
IE9133,C03
IE4042,C18
IG6584,C07
IH4771,B44
JH6766,C03
IH5398,B71
IE9023,B36
IH4772,B36
IH5397,B67
JI0322,B36
IF1942,B19
JI0323,B19
IH0136,A08
JH9125,B22
JI4306,B18
ID1363,B71
IG6603,B52
JI0324,B44
IH0137,A16
IH1313,B39
JR0182,C04
110013,A27
IF7125,A16
GX5590,C14
FD0779 386,A28
IG6648,C31
S23838,B66
GW4333,B66
Q47226,B66
27651332,B66
DZ4475 007,C02
HJ5351 500,B16
FD4653 163,B30
FQ7939 004,B15
401811 030,C16
DM0966 010,B60
487524 160,C04
401812 030,B03
DV1340 800,C07
CU0449 061,B67
DV1341 800,C31
112909 713,A16
112907 001,B07
1A17KY 001,A39
DQ9131 001,B39
HQ4452,B39
ID9210,B67
ID1364,C07
JS2972,C31
JI1938,B36
JI2076,B16
IH2141,C24
IG6647,B10
IH2814,A10
112909,B20
TB1A17KY 001,A39
TB112907 001,C28
FZ8585 070,C10
FV4537 002,B67
FQ8213 002,B03
FZ3932 114,C32
FZ8584 070,C12
FZ3931 114,A39
378039 104,B60
FZ8586 070,B71
DM0968 010,A36
ML725UB,B01
JI1939,B07
JH6114,A04
IG6649,B28
ID1449,A12 & A14
JQ8898,A34
DV6989 001,C23
FZ0990 800,C04
FB9149 800,C06
AR3565 101,C16
FD0383 144,C06
FD0384 144,C16
378040 104,C19
FB9109 115,B27
FB9109 102,C07
FJ4151 003,C08
HV0926 095,B67
DX2955 001,B15
GY2340,B54
IH8464,B20
1A18A6,D47
1A18RI 231,C08
JI2729,C15
JH8798,C03
JH8797,A11
JS0194,C12
JH8792,A23
FV5951 001,C04
555501 061,C07
FV9918 100,C19
JI3214,B07
JH7147,C11
JH8795,C04
ID5114,C02 & B62
DM0968 001,C07
M1906RER,A03
IB8054 800,C15
U9060LBD,B40
DZ4475 140,C28
U9060LBA,B35
M1906REE,B15
U1906RCE,A19
322992 164,C27
DQ8426 010,B39
FN6842 113,B48
JR2506,B43
JP5330,B43
JI3432,B43
JI3232,C31
JI3535,B27
JI2682,B11
JI3231,B03
JQ6140,B52
JH5577,B07
JI3216,B66
IH8469,B66
HF5306 001,B66
JI3217,B58
HF0977 001,B58
JI3200,B55
HQ3446 001,C20
HF3977 001,B11
HF3978 001,C19
JI2681,A07
JH8796,B15
JI2679,A12
JI3215,B35
JI3199,A04
JI3431,B03
JI3212,B43
HF3975 001,C31
JH7607,C16
DX0755 001,B11
DZ5485 106,B11
JI2680,C32
475815,C32
477499,B44
171847C,B25 & B33
JI0124,C27
JH5469,C31
JQ5104,C30
JH5470,C30
JI3211,C15
JI3538,C30
JH5487,C24
IH8603,C27
JH5489,B27
JI3209,C20
FN5924 100,A08
DZ5316 010,C06
CT8532 101,C14
HV0823 003,C18
FN0237 001,C18
DM0967 101,C18
FQ3950 141,C20
AR3565 007,C23
HV5750 133,C03
FD1412 106,B43
FD1413 106,B07
DM0968 101,B23
DM0966 101,B70
JH5083,A15
JI3210,B43
JI3163,A07
DV0829 100,B55
GZ8886,B28
CK9246 067,B31
